timestamp,run_id,test_number,platform,unity_version,scene,model,variant,file_mb,load_ms,mem_mb,fps_avg,fps_min,fps_max,fps_median,fps_1pc_low,fps_samples,fps_window_s,ok
2025-10-23T17:28:36-03:00,"20251023_172343",1,"LinuxEditor","6000.2.4f1","ModelViewer","stanford-bunny","original",0.797,90.769,387.546,61.76,25.88,131.97,59.73,41.76,"25.88;113.66;112.97;128.17;99.59;45.16;71.64;43.01;131.97;62.14;60.31;60.33;60.11;60.02;60.5;57.39;55.23;56.85;60.06;58.88;46.4;55.64;58.42;57.22;60.01;58.96;60.28;58.84;57.36;60.22;58.4;64.53;95.7;81.66;60.94;58.7;60.95;60.29;59.97;59.82;59.92;60.44;58.37;61.67;59.63;55.14;60.11;59.61;58.78;61.31",5,true
2025-10-23T17:28:42-03:00,"20251023_172343",2,"LinuxEditor","6000.2.4f1","ModelViewer","stanford-bunny","original",0.797,74.755,386.246,61.95,25.81,138.35,59.51,42.58,"25.81;81.43;55.16;138.35;118.99;121.67;79.96;61.39;55.62;52.7;62.86;60.05;59.56;59.28;60.34;58.81;63.51;57.45;62.65;59.99;52.75;50.47;57.68;58.26;57.06;58.66;58.83;59.54;55.58;56.71;56.79;58.6;59.52;61.03;59.64;65.86;101.86;86.61;62.9;60.8;59.02;61.04;60.57;59.91;56.2;54.86;47.16;56.33;61.31;56.43",5,true
2025-10-23T17:28:47-03:00,"20251023_172343",3,"LinuxEditor","6000.2.4f1","ModelViewer","stanford-bunny","original",0.797,63.348,386.286,61.21,39.36,117.85,59.79,42.25,"56.64;86.92;89.37;66.49;39.36;117.85;61.11;55.98;46.67;53.95;57.76;56.38;59.57;60.68;60.13;70.96;81.73;69.38;58.5;60;60.11;60.69;59.83;59.74;61.05;58.46;59.97;60.43;54.97;60.29;46.72;57.13;59.75;60.26;59.56;58.11;60.91;59.95;61.02;94.97;66.4;59.04;59.94;59.28;42.25;57.39;59.32;58.82;59.71;69.57",5,true
2025-10-23T17:28:53-03:00,"20251023_172343",1,"LinuxEditor","6000.2.4f1","ModelViewer","stanford-bunny","meshopt",0.2,95.971,386.538,62.04,26.88,127.07,59.7,43.37,"56.95;127.07;115.35;125.87;102.69;59.88;61.41;50.66;49.48;49.81;54.91;26.88;59.12;59.47;56.78;60.61;74.74;115.05;115.18;118.75;94.09;59.5;60.34;46.92;50.43;57.27;54.99;59.09;58.94;58.64;61.15;98.68;77.57;59.69;59.63;59.63;60.53;60.74;59.8;60.34;59.12;60.44;60.05;60.21;54.28;59.73;59.54;60.67;60.55;60.18",5,true
2025-10-23T17:28:58-03:00,"20251023_172343",2,"LinuxEditor","6000.2.4f1","ModelViewer","stanford-bunny","meshopt",0.2,96.438,386.363,61.36,34.21,142.96,59.74,40.65,"34.21;48.11;142.96;119.01;117.23;72.93;59.55;60.5;59.3;39.9;42.48;62.52;60.8;61.29;70.72;98.04;86.99;61.23;58.67;61.31;59.59;59.89;60.5;55.71;54.67;50.55;52.05;55.85;56.6;59.43;59.43;59.88;59.02;68.25;90.35;63.47;59.42;50.14;58.89;60.77;60.02;59.73;59.72;62.92;60.85;58.51;59.85;58.35;60.75;62.24",5,true
2025-10-23T17:29:04-03:00,"20251023_172343",3,"LinuxEditor","6000.2.4f1","ModelViewer","stanford-bunny","meshopt",0.2,79.414,386.396,61.13,39.79,111.06,59.67,41.03,"41.03;77.37;39.79;70.16;65.16;67.76;60.82;63.21;60.74;45.9;48.46;70.09;68.66;99;80.26;60.06;59.66;58.97;53.03;46.01;52.44;59.27;58.08;60.04;59.3;60.21;57.75;57.64;57.84;71.89;103.32;73.56;59.49;60.66;59.19;59.64;61.01;59.17;60.53;60.11;54.8;59.18;60.9;57.93;47.18;58.36;57.68;60.19;59.71;59.89",5,true
2025-10-23T17:29:09-03:00,"20251023_172343",1,"LinuxEditor","6000.2.4f1","ModelViewer","stanford-bunny","draco",0.093,118.651,386.138,61.62,39.2,124.73,59.71,39.44,"56.76;85.67;61.58;60.12;56.59;59.63;61.92;60.96;39.26;124.73;56.23;45.94;56.31;57.31;59.9;62.77;54.7;56.81;58.08;57.24;59.39;57.81;55.37;82.7;109.4;66.46;60.78;59.67;59.44;60.56;60.62;55.59;54.29;59.69;59.09;62.13;60.19;60.58;57.67;60.69;59.81;59.44;61.34;59.17;59.63;61.54;60.02;52.09;52.31;57.71",5,true
2025-10-23T17:29:15-03:00,"20251023_172343",2,"LinuxEditor","6000.2.4f1","ModelViewer","stanford-bunny","draco",0.093,78.771,385.92,60.67,40.94,114.88,59.84,46.78,"40.94;79.41;41.32;114.88;70.7;60.72;59.93;60.21;59.2;59.8;60;62.34;59.11;60.01;60.64;60.06;59.45;60.77;59;60.95;60.26;59.58;59.46;61.52;59.04;60.62;59.22;60.8;52.72;61.47;58.5;63.48;59.08;59.52;58.21;63.26;57.69;62.09;58.76;60.42;57.76;64.51;57.52;61.4;58.9;62.61;57.38;58.4;62.58;47.61",5,true
2025-10-23T17:29:20-03:00,"20251023_172343",3,"LinuxEditor","6000.2.4f1","ModelViewer","stanford-bunny","draco",0.093,75.437,385.958,61.15,40.43,130.86,59.65,42.37,"48.68;71.49;40.43;130.86;59.32;60.93;59.05;59.99;59.45;60.58;61.2;60.34;59.37;55.42;54.61;47.69;57.22;59.97;62.75;57.83;58.18;61.42;67.45;77.57;68.88;59.75;59.37;59.8;55.2;45.83;57.79;60.22;60.87;56.76;61.09;57.59;66.94;89.25;63.8;59.74;61.41;58.93;61.64;58.85;60.95;57.68;61.73;59.22;56.09;60.55",5,true
